ID,页面类型,标题(Title),描述(Description),关键词(Keywords),页面URL,应用次数,是否模板,是否启用,创建时间,更新时间
97,tag,Vampire Wallpapers & Backgrounds | MarkWallpapers,,,https://www.markwallpapers.com/markwallpapers/tag/Vampire,0,否,是,2026-05-11 06:15:19,2026-05-11 06:15:26
96,tag,Vampire Wallpapers & Backgrounds | MarkWallpapers,Free HD 4K Vampire wallpapers for mobile and desktop. Explore mysterious and charming vampire anime backgrounds in high quality with no watermark for your screen.,"Vampire wallpapers,vampire anime backgrounds,dark vampire art,HD 4K vampire wallpaper",https://www.markwallpapers.com/markwallpapers/tag/Vampire,0,否,是,2026-05-11 03:20:01,2026-05-11 03:20:01
95,tag,Angel Wallpapers & Backgrounds | MarkWallpapers,"Free HD 4K Angel wallpapers for mobile and desktop. Browse beautiful angel anime backgrounds with pure and elegant styles, high resolution and no watermark.","Angel wallpapers,angel anime backgrounds,elegant angel art,HD 4K angel wallpaper",https://www.markwallpapers.com/markwallpapers/tag/Angel,0,否,是,2026-05-11 03:16:28,2026-05-11 03:16:28
94,tag,Punk Anime Wallpapers & Backgrounds | MarkWallpapers,"Free HD 4K Punk Anime wallpapers for mobile and desktop. Discover edgy, stylish and unique punk anime art backgrounds in high resolution with no watermark.","Punk Anime wallpapers,edgy punk anime backgrounds,stylish anime art,HD 4K punk wallpaper",https://www.markwallpapers.com/markwallpapers/tag/Punk%20Anime,0,否,是,2026-05-11 03:13:39,2026-05-11 03:13:39
93,tag,Gothic Anime Wallpapers & Backgrounds | MarkWallpapers,"Free HD 4K Gothic Anime wallpapers for mobile and desktop. Explore dark, mysterious and elegant gothic anime backgrounds in high resolution with no watermark.","Gothic Anime wallpapers,dark gothic anime backgrounds,mysterious anime art,HD 4K gothic wallpaper",https://www.markwallpapers.com/markwallpapers/tag/Gothic%20Anime,0,否,是,2026-05-11 02:57:30,2026-05-11 02:57:30
92,tag,Kawaii Wallpapers & Backgrounds | MarkWallpapers,Free HD 4K Kawaii wallpapers for mobile and desktop. Browse cute aesthetic kawaii anime backgrounds in high resolution with no watermark for your device.,"Kawaii wallpapers,cute kawaii backgrounds,kawaii anime art,HD 4K aesthetic wallpaper",https://www.markwallpapers.com/markwallpapers/tag/Kawaii,0,否,是,2026-05-11 02:54:11,2026-05-11 02:54:11
91,tag,Anime Sparkle Wallpapers & Backgrounds | MarkWallpapers,Free HD 4K Anime Sparkle wallpapers for mobile and desktop. High quality no watermark aesthetic glitter anime backgrounds for your screen.,"Anime Sparkle wallpapers,glowing sparkle anime backgrounds,shiny anime art,HD 4K sparkle effect wallpaper",https://www.markwallpapers.com/markwallpapers/tag/Anime%20Sparkle,0,否,是,2026-05-11 02:48:56,2026-05-11 02:48:56
88,tag,Anime Profile Wallpapers & Backgrounds | MarkWallpapers,"Free HD 4K Anime Profile wallpapers for mobile and desktop. Download aesthetic anime profile portraits, high resolution no watermark for your device screen.","Anime Profile wallpapers,anime profile pictures,aesthetic anime portraits,HD 4K anime profile backgrounds",https://www.markwallpapers.com/markwallpapers/tag/Anime%20Profile,0,否,是,2026-05-11 01:50:57,2026-05-11 02:01:31
89,tag,Anime Banner Wallpapers & Backgrounds | MarkWallpapers,Free HD 4K Anime Banner wallpapers for phone and desktop. Download aesthetic no-watermark anime banner backgrounds for social media headers and profile use.,"Anime Banner wallpapers,aesthetic anime banners,anime header backgrounds,HD 4K anime banner art",https://www.markwallpapers.com/markwallpapers/tag/Anime%20Banner,0,否,是,2026-05-11 01:56:33,2026-05-11 01:59:06
85,tag,Anime Icon Wallpapers & Backgrounds | MarkWallpapers,Browse free HD & 4K Anime Icon wallpapers for mobile and desktop. Get cute aesthetic anime icon images and character profile backgrounds in high resolution no watermark.,"Anime Icon wallpapers,aesthetic anime icons,anime profile pictures,HD 4K anime icon backgrounds",https://www.markwallpapers.com/markwallpapers/tag/Anime%20Icon,0,否,是,2026-05-11 01:17:35,2026-05-11 01:17:35
84,tag,Dark Anime Wallpapers & Backgrounds | MarkWallpapers,"Browse free HD & 4K Dark Anime wallpapers for phone and desktop. Find mysterious, gothic and moody dark anime art backgrounds in high quality with no watermark.","Dark Anime wallpapers,gothic dark anime backgrounds,moody anime art,HD 4K dark anime wallpaper",https://www.markwallpapers.com/markwallpapers/tag/Dark%20Anime,0,否,是,2026-05-11 01:12:09,2026-05-11 01:12:09
82,tag,Pastel Anime Wallpapers & Backgrounds | MarkWallpapers,"Browse free HD & 4K Pastel Anime wallpapers for mobile and desktop. Discover aesthetic soft pastel color anime backgrounds with cute, calm and dreamy no-watermark art.","Pastel Anime wallpapers,pastel color anime backgrounds,aesthetic soft anime,HD 4K dreamy pastel anime",https://www.markwallpapers.com/markwallpapers/tag/Pastel%20Anime,0,否,是,2026-05-11 01:01:47,2026-05-11 01:01:47
81,tag,Official Art Wallpapers & Backgrounds | MarkWallpapers,Browse free HD & 4K Official Art wallpapers for phone and desktop. Collect premium official anime and game art backgrounds in high resolution with no watermark.,"Official Art wallpapers,official anime art backgrounds,premium game art,HD 4K official artwork",https://www.markwallpapers.com/markwallpapers/tag/Official%20Art,0,否,是,2026-05-11 00:59:27,2026-05-11 00:59:27
80,tag,Soft Anime Wallpapers & Backgrounds | MarkWallpapers,"Browse free HD & 4K Soft Anime wallpapers for mobile and desktop. Enjoy gentle, aesthetic and cozy soft anime art backgrounds in high resolution with no watermark.","Soft Anime wallpapers,aesthetic soft anime backgrounds,cozy anime art,HD 4K soft anime wallpaper",https://www.markwallpapers.com/markwallpapers/tag/Soft%20Anime,0,否,是,2026-05-11 00:47:48,2026-05-11 00:47:48
79,tag,Gacha Wallpapers & Backgrounds | MarkWallpapers,Browse free HD & 4K Gacha wallpapers for phone and desktop. Explore cute stylish Gacha character backgrounds in high quality with no watermark for all devices.,"Gacha wallpapers,Gacha character backgrounds,HD Gacha art,4K cute Gacha wallpaper",https://www.markwallpapers.com/markwallpapers/tag/Gacha,0,否,是,2026-05-11 00:43:31,2026-05-11 00:43:31
78,tag,Anime Scene Wallpapers & Backgrounds | MarkWallpapers,"Browse free HD & 4K Anime Scene wallpapers for mobile and desktop. Find breathtaking artistic anime scene backgrounds, high resolution and no watermark for your screen.","Anime Scene wallpapers,anime scene backgrounds,HD anime scenery,4K artistic anime scene art",https://www.markwallpapers.com/markwallpapers/tag/Anime%20Scene,0,否,是,2026-05-11 00:40:16,2026-05-11 00:40:16
77,tag,Waifu Wallpapers & Backgrounds | MarkWallpapers,"Browse free HD & 4K Waifu wallpapers for phone and desktop. Explore beautiful, stylish no-watermark anime waifu character backgrounds in high resolution.","Waifu wallpapers,anime waifu backgrounds,HD waifu art,4K cute anime waifu",https://www.markwallpapers.com/markwallpapers/tag/Waifu,0,否,是,2026-05-11 00:37:11,2026-05-11 00:37:11
75,tag,School Life Wallpapers & Backgrounds | MarkWallpapers,"Browse free HD & 4K School Life wallpapers for mobile and desktop. Find cute, youthful anime school life backgrounds in high quality with no watermark.","School Life wallpapers,anime school life backgrounds,youthful HD wallpapers,4K school life anime art",https://www.markwallpapers.com/markwallpapers/tag/School%20Life,0,否,是,2026-05-11 00:30:00,2026-05-11 00:30:00
74,tag,Dark Fantasy Wallpapers & Backgrounds | MarkWallpapers,"Browse free HD & 4K Dark Fantasy wallpapers for phone and desktop. Explore mysterious, gothic and dark fantasy art backgrounds in high resolution with no watermark.","Dark Fantasy wallpapers,gothic dark fantasy backgrounds,HD mysterious fantasy art,4K dark fantasy images",https://www.markwallpapers.com/markwallpapers/tag/Dark%20Fantasy,0,否,是,2026-05-11 00:26:40,2026-05-11 00:26:40
73,tag,Mecha Wallpapers & Backgrounds | MarkWallpapers,"Browse free HD & 4K Mecha wallpapers for mobile and desktop. Find cool futuristic robot, machinery and sci-fi mecha art backgrounds with no watermark.","Mecha wallpapers,sci-fi robot backgrounds,futuristic mecha art,HD 4K machinery wallpaper",https://markwallpapers.com/markwallpapers/tag/Mecha,0,否,是,2026-05-11 00:17:38,2026-05-11 00:17:38
72,tag,Chibi Wallpapers & Backgrounds | MarkWallpapers,"Browse free HD & 4K Chibi wallpapers for mobile and desktop. Explore cute, lovely high-quality no-watermark chibi anime character backgrounds for your device.","Chibi wallpapers,cute chibi backgrounds,chibi anime characters,HD 4K chibi art",https://markwallpapers.com/markwallpapers/tag/Chibi,0,否,是,2026-05-11 00:13:43,2026-05-11 00:13:43
71,tag,Isekai Wallpapers & Backgrounds | MarkWallpapers,"Browse free HD & 4K Isekai wallpapers for phone and desktop. Discover fantasy, adventure, high-quality no-watermark isekai anime art backgrounds.","Isekai wallpapers,isekai anime backgrounds,HD fantasy isekai,4K adventure anime art",https://markwallpapers.com/markwallpapers/tag/Isekai,0,否,是,2026-05-07 11:15:52,2026-05-07 11:15:52
70,tag,Pixel Art Wallpapers & Backgrounds | MarkWallpapers,"Browse free HD & 4K Pixel Art wallpapers for phone and desktop. Find retro, nostalgic, high-quality no-watermark pixel art backgrounds for your screen.","Pixel Art wallpapers,retro pixel backgrounds,HD pixel art designs,4K nostalgic pixel images",https://markwallpapers.com/markwallpapers/tag/Pixel%20Art,0,否,是,2026-05-07 11:11:25,2026-05-07 11:11:25
69,tag,Illustration Wallpapers & Backgrounds | MarkWallpapers,"Browse free HD & 4K Illustration wallpapers for mobile and desktop. Find artistic, creative, high-quality no-watermark illustration art backgrounds for your screen.","Illustration wallpapers,art illustration backgrounds,HD creative illustrations,4K artistic design images",https://www.markwallpapers.com/markwallpapers/tag/Illustration,0,否,是,2026-05-07 11:06:24,2026-05-07 11:07:04
68,tag,11111Anime Couple Wallpapers & Backgrounds | MarkWallpapers,"Browse free HD & 4K Anime Couple wallpapers for phone and desktop. Find romantic, sweet, high-quality no-watermark anime couple art backgrounds.","Anime Couple wallpapers,romantic anime pairs,HD love anime backgrounds,4K cute anime couples",https://www.markwallpapers.com/markwallpapers/tag/Anime%20Couple1111,0,否,是,2026-05-07 11:02:22,2026-05-07 11:03:17
9,article,{标题前50字}-{分类词}-{品牌词},前150字符+相关标签词.,"{分类词},{标签1},{标签2},{标签3}",,0,是,是,2026-04-28 08:59:59,2026-05-07 11:03:09
66,tag,Anime Boy Wallpapers & Backgrounds | MarkWallpapers,"Browse free HD & 4K Anime Boy wallpapers for phone and desktop. Discover cool, stylish, high-quality no-watermark anime boy character art backgrounds.","Anime Boy wallpapers,handsome anime guy backgrounds,HD anime boy art,4K cool male anime",https://www.markwallpapers.com/markwallpapers/tag/Anime%20Boy,0,否,是,2026-05-07 10:56:52,2026-05-07 10:56:52
65,tag,Anime Couple Wallpapers & Backgrounds | MarkWallpapers,"Browse free HD & 4K Anime Couple wallpapers for phone and desktop. Find romantic, sweet, high-quality no-watermark anime couple art backgrounds.","Anime Couple wallpapers,romantic anime pairs,HD love anime backgrounds,4K cute anime couples",https://www.markwallpapers.com/markwallpapers/tag/Anime%20Couple,0,否,是,2026-05-07 10:53:48,2026-05-07 10:53:48
64,tag,Magical Girl Wallpapers & Backgrounds | MarkWallpapers,"Browse free HD & 4K Magical Girl wallpapers for phone and desktop. Find cute, fantasy, high-quality no-watermark magical girl anime art backgrounds.","Magical Girl wallpapers,anime magical girl art,HD fantasy girl backgrounds,4K cute magical anime",https://www.markwallpapers.com/markwallpapers/tag/Magical%20Girl,0,否,是,2026-05-07 10:46:39,2026-05-07 10:46:39
63,tag,Anime Landscape Wallpapers & Backgrounds | MarkWallpapers,"Browse free HD & 4K Anime Landscape wallpapers for phone and desktop. Discover stunning, artistic no-watermark anime scenery backgrounds for your screen.","Anime Landscape wallpapers,anime scenery backgrounds,HD anime art,4K landscape anime",https://www.markwallpapers.com/markwallpapers/tag/Anime%20Landscape,0,否,是,2026-05-07 10:43:29,2026-05-07 10:43:29
62,tag,Indian Celebrities Wallpapers & Backgrounds | MarkWallpapers,"Browse free HD & 4K Indian Celebrities wallpapers for phone and desktop. Find high-quality, no-watermark portraits of popular Indian stars and famous personalities.","Indian Celebrities wallpapers,HD Indian star backgrounds,4K celebrity portraits,famous Indian personalities",https://www.markwallpapers.com/markwallpapers/tag/Indian%20Celebrities,0,否,是,2026-05-07 08:15:58,2026-05-07 08:15:58
61,tag,Bollywood Wallpapers & Backgrounds | MarkWallpapers,"Browse free HD & 4K Bollywood wallpapers for your phone and desktop. Find vibrant, stylish, high-quality no-watermark Bollywood art and celebrity backgrounds.","Bollywood wallpapers,HD Bollywood backgrounds,4K Indian cinema art,stylish Bollywood images",https://www.markwallpapers.com/markwallpapers/tag/Bollywood,0,否,是,2026-05-07 08:11:13,2026-05-07 08:11:13
60,tag,Lotus Wallpapers & Backgrounds | MarkWallpapers,"Browse free HD & 4K Lotus wallpapers for your phone and desktop. Find beautiful, spiritual, high-quality no-watermark lotus flower backgrounds for your screen.","Lotus wallpapers,lotus flower backgrounds,HD floral wallpapers,spiritual lotus images",https://www.markwallpapers.com/markwallpapers/tag/Lotus,0,否,是,2026-05-07 08:07:50,2026-05-07 08:07:50
58,tag,Jasmine Wallpapers & Backgrounds | MarkWallpapers,"Browse free HD & 4K Jasmine wallpapers for your phone and desktop. Find elegant, fresh, high-quality no-watermark jasmine flower backgrounds for your screen.","Jasmine wallpapers,jasmine flower backgrounds,HD floral wallpapers,4K elegant nature images",https://www.markwallpapers.com/markwallpapers/tag/Jasmine,0,否,是,2026-05-07 05:24:52,2026-05-07 05:24:52
57,tag,Faux Finish Wallpapers & Backgrounds | MarkWallpapers,"Browse free HD & 4K Faux Finish wallpapers for phone and desktop. Discover high-quality, no-watermark textured faux finish backgrounds with realistic decorative effects.","Faux Finish wallpapers,textured decorative backgrounds,HD faux texture,4K realistic finish wallpapers",https://www.markwallpapers.com/markwallpapers/tag/Faux%20Finish,0,否,是,2026-05-07 01:27:21,2026-05-07 01:27:21
56,tag,Vintage Nostalgia Wallpapers & Backgrounds | MarkWallpapers,"Browse free HD & 4K Vintage Nostalgia wallpapers for mobile and desktop. Find classic, retro, high-quality no-watermark nostalgic backgrounds for your screen.","Vintage Nostalgia wallpapers,retro vintage backgrounds,classic HD 4K wallpapers,nostalgic art",https://www.markwallpapers.com/markwallpapers/tag/Vintage%20Nostalgia,0,否,是,2026-05-07 01:21:34,2026-05-07 01:21:34
55,tag,Mandala Pattern Wallpapers & Backgrounds | MarkWallpapers,"Browse free HD & 4K Mandala Pattern wallpapers for your phone and desktop. Find artistic, colorful, high-quality, no-watermark mandala art backgrounds for your screen.","Mandala Pattern wallpapers,HD mandala backgrounds,4K mandala art,colorful mandala designs",https://www.markwallpapers.com/markwallpapers/tag/Mandala%20Pattern,0,否,是,2026-05-07 01:13:06,2026-05-07 01:14:25
54,tag,Pixabay-Style Wallpapers & Backgrounds | MarkWallpapers,"Browse free HD & 4K Pixabay-style wallpapers for mobile and desktop. Find high-quality, royalty-free, no-watermark backgrounds for all devices and themes.","Pixabay-style wallpapers,royalty-free backgrounds,free HD 4K wallpapers,no-watermark images",https://www.markwallpapers.com/markwallpapers/tag/Pixabay,0,否,是,2026-05-07 01:09:48,2026-05-07 01:09:48
53,tag,Wallpapers & Backgrounds | MarkWallpapers,"Browse thousands of free HD & 4K wallpapers for mobile and desktop. Download high-quality, no-watermark backgrounds in all styles, colors, and resolutions for your screen","wallpapers,free HD backgrounds,4K wallpapers,no-watermark desktop & mobile wallpapers",https://www.markwallpapers.com/markwallpapers/tag/wallpaper,0,否,是,2026-05-07 00:55:34,2026-05-07 00:55:34
52,tag,Ultra HD Wallpapers & Backgrounds | MarkWallpapers,"Browse free Ultra HD wallpapers for your phone and desktop. Download high-quality, no-watermark Ultra HD backgrounds with crisp, clear, and stunning details.","Ultra HD wallpapers,HD 4K backgrounds,high resolution images,no-watermark Ultra HD",https://markwallpapers.com/markwallpapers/tag/Ultra%20HD,0,否,是,2026-05-07 00:38:46,2026-05-07 00:38:46
49,tag,Hinduism Wallpapers & Backgrounds | MarkWallpapers,"Browse free HD & 4K Hinduism wallpapers for your phone and desktop. Find divine, spiritual, and high-quality no-watermark Hindu religious backgrounds for your screen.","Hinduism wallpapers,HD Hindu religious backgrounds,4K divine Hindu art,spiritual Hindu wallpapers",https://markwallpapers.com/markwallpapers/tag/Hinduism,0,否,是,2026-05-07 00:23:11,2026-05-07 00:23:11
48,tag,Ganesha Wallpapers & Backgrounds | MarkWallpapers,Browse free HD & 4K Ganesha wallpapers for mobile and desktop. Explore premium no-watermark divine Ganesha backgrounds with traditional Hindu art for your device screen.,"Ganesha wallpapers,HD Ganesha backgrounds,4K Hindu god wallpapers,divine Ganesha art",https://markwallpapers.com/markwallpapers/tag/Ganesha,0,否,是,2026-05-07 00:18:54,2026-05-07 00:18:54
47,tag,Durga Wallpapers & Backgrounds | MarkWallpapers,"Browse free HD & 4K Durga wallpapers for your phone and desktop. Find high-quality, no-watermark spiritual and divine Durga backgrounds for your screen.","Durga wallpapers,HD Durga backgrounds,4K divine wallpapers,spiritual Durga images",https://www.markwallpapers.com/markwallpapers/tag/Durga,0,否,是,2026-05-06 09:58:33,2026-05-06 09:58:33
46,tag,Vishnu Wallpapers & Backgrounds | MarkWallpapers,"Browse free HD & 4K Vishnu wallpapers for your phone and desktop. Find high-quality, no-watermark spiritual and divine Vishnu backgrounds for your screen.","Vishnu wallpapers,HD Vishnu backgrounds,4K divine wallpapers,spiritual Vishnu images",https://www.markwallpapers.com/markwallpapers/tag/Vishnu,0,否,是,2026-05-06 09:27:44,2026-05-06 09:27:44
45,tag,Shiva Wallpapers & Backgrounds | MarkWallpapers,"Browse free HD & 4K Shiva wallpapers for your phone and desktop. Find high-quality, no-watermark spiritual and divine Shiva backgrounds for your screen.","Shiva wallpapers,HD Shiva backgrounds,4K divine wallpapers,spiritual Shiva images",https://www.markwallpapers.com/markwallpapers/tag/Shiva,0,否,是,2026-05-06 09:04:55,2026-05-06 09:04:55
44,tag,Pexels-Style Wallpapers & Backgrounds | MarkWallpapers,"Browse free HD & 4K Pexels-style wallpapers for your phone and desktop. Find high-quality, royalty-free backgrounds for every mood and screen.","Pexels-style wallpapers,HD free backgrounds,royalty-free 4K wallpapers,high-quality desktop backgrounds",https://www.markwallpapers.com/markwallpapers/tag/Pexels,0,否,是,2026-05-06 08:50:31,2026-05-06 08:50:31
43,tag,Indian Palace Wallpapers & Backgrounds | MarkWallpapers,"Browse free HD & 4K Indian Palace wallpapers for your phone and desktop. Find stunning, high-quality backgrounds featuring historic Indian architecture and designs.","Indian Palace wallpapers,HD Indian architecture backgrounds,4K palace wallpapers,historic Indian designs",https://www.markwallpapers.com/markwallpapers/tag/Indian%20Palace,0,否,是,2026-05-06 08:46:08,2026-05-06 08:46:08
42,tag,Fanart Wallpapers & Backgrounds | MarkWallpapers,"Browse free HD & 4K fanart wallpapers for your phone and desktop. Find high-quality, no-watermark art inspired by your favorite games, shows, and characters.","fanart wallpapers,HD fanart backgrounds,4K fan art,no watermark fanart wallpapers",https://www.markwallpapers.com/markwallpapers/tag/Fanart,0,否,是,2026-05-06 08:27:07,2026-05-06 08:27:07
40,tag,Manga Wallpapers & Backgrounds | MarkWallpapers,"Browse free HD & 4K manga wallpapers for your phone and desktop. Find high-quality, no-watermark backgrounds of your favorite manga art and characters.","manga wallpapers,HD manga backgrounds,4K manga art,no watermark manga wallpapers",https://www.markwallpapers.com/markwallpapers/tag/Manga,0,否,是,2026-05-06 07:58:36,2026-05-06 07:58:36
39,tag,Fantasy Wallpapers & Backgrounds | MarkWallpapers,"Browse free HD & 4K fantasy wallpapers for your phone and desktop. Find magical, epic high-quality backgrounds with no watermarks.","fantasy wallpapers,HD fantasy backgrounds,4K fantasy art,magical fantasy wallpapers",https://www.markwallpapers.com/markwallpapers/tag/Fantasy,0,否,是,2026-05-06 07:12:12,2026-05-06 07:12:12
38,tag,Anime Wallpapers & Backgrounds | MarkWallpapers,"Browse free HD & 4K anime wallpapers for your phone and desktop. Find high-quality, no-watermark backgrounds of your favorite characters and series.","anime wallpapers,HD anime backgrounds,4K anime characters,no watermark anime wallpapers",https://www.markwallpapers.com/markwallpapers/tag/Anime,0,否,是,2026-05-06 06:12:45,2026-05-06 06:12:45
37,tag,Cartoon Wallpapers & Backgrounds | MarkWallpapers,"Browse free HD & 4K cartoon wallpapers for your phone and desktop. Find high-quality, no-watermark backgrounds of classic and popular characters.","cartoon wallpapers,HD cartoon backgrounds,4K cartoon characters,no watermark cartoon wallpapers",https://www.markwallpapers.com/markwallpapers/tag/Cartoon,0,否,是,2026-05-06 06:02:49,2026-05-06 06:02:49
36,tag,Anime Girl Wallpapers & Backgrounds | MarkWallpapers,"Browse free HD & 4K anime girl wallpapers for your phone and desktop. Find high-quality, no-watermark backgrounds of cute characters and art styles.","anime girl wallpapers,cute anime backgrounds,HD 4K girl anime,no watermark anime wallpapers",https://www.markwallpapers.com/markwallpapers/tag/Anime%20Girl,0,否,是,2026-05-06 05:29:04,2026-05-06 05:29:04
35,category,Wallpaper Tags & Categories | MarkWallpapers,"Browse all wallpaper tags and categories at MarkWallpapers. Find HD & 4K backgrounds by style, theme, or keyword for your phone and desktop.","wallpaper tags,wallpaper categories,HD wallpaper themes,4K background filters",https://www.markwallpapers.com/markwallpapers/tags,0,否,是,2026-04-30 11:06:02,2026-04-30 11:09:38
34,search,Search HD & 4K Wallpapers | MarkWallpapers,"Search thousands of HD & 4K wallpapers for your phone and desktop. Filter by style, resolution, and color, then download high-quality, no-watermark backgrounds for free.","search wallpapers,HD 4K wallpaper search,find free backgrounds,phone desktop wallpaper filter",https://www.markwallpapers.com/markwallpapers/search,0,否,是,2026-04-30 09:35:02,2026-04-30 11:08:03
33,article,MarkWallpapers - Free HD & 4K Wallpapers for Phone & Desktop,"Download free HD, 4K & 8K wallpapers for your phone and desktop. Explore thousands of styles, from nature to anime, all high-quality and no watermarks.","4K wallpapers,HD phone wallpapers,desktop backgrounds,free high-quality wallpapers,no watermark wallpapers",https://www.markwallpapers.com/markwallpapers/,0,否,是,2026-04-30 08:55:46,2026-04-30 09:19:12
4,home,{品牌词}-高清4K壁纸免费下载平台,提供海量高清4K壁纸、手机壁纸、动态壁纸，免费下载使用..,"壁纸,4K壁纸,高清壁纸,手机壁纸",,2,是,是,2026-04-28 05:47:04,2026-04-28 05:47:04
3,tag,{标签词}:最新{标签词}壁纸下载-{品牌词},精选{标签词}壁纸，高清4K分辨率，免费下..,"{标签词},壁纸,4K壁纸",,156,是,是,2026-04-28 05:46:23,2026-04-28 05:46:23
2,category,{分类名}-{相关词}-{品牌词},分类描述+热门标签,"{分类词},壁纸,高清壁纸",,21,是,是,2026-04-28 05:45:45,2026-04-28 05:45:45
1,home,{标题前50字}-{分类词}-{品牌词},前150字符+相关标签词,"{分类词},{标签1},{标签2},{标签3}",,2,是,是,2026-04-28 05:45:02,2026-04-28 05:45:02
